filename,start,duration,score
Raw_Wav_20180223_001026.wav,3,4,0.825744508
Raw_Wav_20180223_001026.wav,8.5,3,0.768849121
Raw_Wav_20180223_001026.wav,19,4,0.813531079
Raw_Wav_20180223_001026.wav,30,1.5,0.607724478
Raw_Wav_20180223_001026.wav,50,3,0.741813118
Raw_Wav_20180223_001026.wav,60,4,0.825358624
Raw_Wav_20180223_001026.wav,70,4,0.807666086
Raw_Wav_20180223_001026.wav,80.5,3.5,0.777013487
Raw_Wav_20180223_001026.wav,91,2.5,0.704980727
Raw_Wav_20180223_001026.wav,99,4.5,0.743341349
Raw_Wav_20180223_001026.wav,110.5,5.5,0.834588288
Raw_Wav_20180223_001026.wav,118.5,6,0.789492043
Raw_Wav_20180223_001026.wav,156.5,2.5,0.725074871
Raw_Wav_20180223_001026.wav,164,3,0.796615337
Raw_Wav_20180223_001026.wav,173.5,2.5,0.774651373
Raw_Wav_20180223_001026.wav,182.5,3,0.802432308
Raw_Wav_20180223_001026.wav,192,3.5,0.748401218
Raw_Wav_20180223_001026.wav,196.5,0.5,0.526379398
Raw_Wav_20180223_001026.wav,204.5,2,0.581088886
Raw_Wav_20180223_001026.wav,212,3,0.820322528
Raw_Wav_20180223_001026.wav,225.5,3.5,0.726520568
Raw_Wav_20180223_001026.wav,235.5,5,0.801971581
Raw_Wav_20180223_001026.wav,243.5,2.5,0.678321996
Raw_Wav_20180223_001026.wav,247.5,2.5,0.75363508
Raw_Wav_20180223_001026.wav,254,2,0.760368533
Raw_Wav_20180223_001026.wav,256,2.5,0.830886394
Raw_Wav_20180223_001026.wav,262.5,7.5,0.758734636
Raw_Wav_20180223_001026.wav,274.5,4.5,0.685529508
Raw_Wav_20180223_001026.wav,283.5,3,0.788146737
Raw_Wav_20180223_001026.wav,290,2.5,0.660983481
Raw_Wav_20180223_001026.wav,296,3,0.763836432
Raw_Wav_20180223_001026.wav,306.5,3,0.811169876
Raw_Wav_20180223_001026.wav,311.5,7,0.698995948
Raw_Wav_20180223_001026.wav,322,0.5,0.558517495
Raw_Wav_20180223_001026.wav,325,3,0.794631869
Raw_Wav_20180223_001026.wav,331.5,6.5,0.77974791
Raw_Wav_20180223_001026.wav,342.5,1.5,0.642843165
Raw_Wav_20180223_001026.wav,345.5,2.5,0.781890321
Raw_Wav_20180223_001026.wav,355,2.5,0.704447707
Raw_Wav_20180223_001026.wav,371,3,0.802034943
Raw_Wav_20180223_001026.wav,380,3,0.763343554
Raw_Wav_20180223_001026.wav,391,2,0.714844572
Raw_Wav_20180223_001026.wav,395.5,3,0.775940551
Raw_Wav_20180223_001026.wav,417,2.5,0.692289811
Raw_Wav_20180223_001026.wav,433.5,3,0.809608896
Raw_Wav_20180223_001026.wav,444,2.5,0.651945508
Raw_Wav_20180223_001026.wav,453,3.5,0.830481298
Raw_Wav_20180223_001026.wav,463,4.5,0.835954047
Raw_Wav_20180223_001026.wav,474.5,5,0.721618192
Raw_Wav_20180223_001026.wav,503,4.5,0.807100254
Raw_Wav_20180223_001026.wav,518,1,0.529626685
Raw_Wav_20180223_001026.wav,519.5,1,0.520306836
Raw_Wav_20180223_001026.wav,521,6,0.736396862
Raw_Wav_20180223_001026.wav,534,4,0.760214487
Raw_Wav_20180223_001026.wav,539,3,0.786571817
Raw_Wav_20180223_001026.wav,545,1.5,0.551291496
Raw_Wav_20180223_001026.wav,549,3,0.712192579
Raw_Wav_20180223_001026.wav,554.5,2.5,0.781173423
Raw_Wav_20180223_001026.wav,565,2.5,0.742267378
Raw_Wav_20180223_001026.wav,570.5,1,0.531195801
Raw_Wav_20180223_001026.wav,574,2,0.677475095
Raw_Wav_20180223_001026.wav,579,2,0.681837814
Raw_Wav_20180223_001026.wav,585,3,0.727944867
Raw_Wav_20180223_001026.wav,590.5,2.5,0.634529808
Raw_Wav_20180223_001026.wav,596,0.5,0.621553543
Raw_Wav_20180223_004026.wav,52.5,4,0.789331889
Raw_Wav_20180223_004026.wav,198.5,2,0.60634793
Raw_Wav_20180223_004026.wav,311.5,2,0.710347312
Raw_Wav_20180223_004026.wav,336.5,2.5,0.765413556
Raw_Wav_20180223_004026.wav,346.5,1,0.52009531
Raw_Wav_20180223_004026.wav,348,0.5,0.504025409
Raw_Wav_20180223_004026.wav,358.5,2.5,0.728676876
Raw_Wav_20180223_004026.wav,370.5,3,0.766940345
Raw_Wav_20180223_004026.wav,375,1.5,0.520206023
Raw_Wav_20180223_004026.wav,392.5,2.5,0.780158871
Raw_Wav_20180223_004026.wav,397,1.5,0.680842073
Raw_Wav_20180223_004026.wav,404,3,0.789220572
Raw_Wav_20180223_004026.wav,427,3,0.764853562
Raw_Wav_20180223_004026.wav,443,4.5,0.845182559
Raw_Wav_20180223_004026.wav,448,0.5,0.550493154
Raw_Wav_20180223_004026.wav,457,4,0.814909952
Raw_Wav_20180223_004026.wav,463.5,1,0.526281707
Raw_Wav_20180223_004026.wav,480.5,4,0.822621335
Raw_Wav_20180223_004026.wav,492.5,4,0.82448329
Raw_Wav_20180223_004026.wav,498,2,0.597955897
Raw_Wav_20180223_004026.wav,511,1,0.734884501
Raw_Wav_20180223_004026.wav,512,2,0.785290686
Raw_Wav_20180223_004026.wav,524.5,3.5,0.794310797
Raw_Wav_20180223_004026.wav,536.5,0.5,0.55636186
Raw_Wav_20180223_004026.wav,538.5,5,0.808430992
Raw_Wav_20180223_004026.wav,546,0.5,0.557834941
Raw_Wav_20180223_004026.wav,549.5,4.5,0.698832197
Raw_Wav_20180223_004026.wav,556,2,0.690945772
Raw_Wav_20180223_004026.wav,571.5,2.5,0.776996122
Raw_Wav_20180223_004026.wav,575.5,2.5,0.750842037
Raw_Wav_20180223_004026.wav,580,3.5,0.810221812
Raw_Wav_20180223_004026.wav,585,1.5,0.635497951
Raw_Wav_20180223_005026.wav,1,3.5,0.779260326
Raw_Wav_20180223_005026.wav,29,3,0.739507397
Raw_Wav_20180223_005026.wav,32,0.5,0.593772604
Raw_Wav_20180223_005026.wav,36.5,2,0.731018706
Raw_Wav_20180223_005026.wav,54.5,2.5,0.650756746
Raw_Wav_20180223_005026.wav,90,1,0.557419472
Raw_Wav_20180223_005026.wav,93.5,2.5,0.668557419
Raw_Wav_20180223_005026.wav,184,2.5,0.759280958
Raw_Wav_20180223_005026.wav,191.5,0.5,0.520509981
Raw_Wav_20180223_005026.wav,192,3,0.808157035
Raw_Wav_20180223_005026.wav,202,3.5,0.818610035
Raw_Wav_20180223_005026.wav,212,4.5,0.857150773
Raw_Wav_20180223_005026.wav,221,1.5,0.617721849
Raw_Wav_20180223_005026.wav,234.5,6.5,0.713801326
Raw_Wav_20180223_005026.wav,269.5,0.5,0.554320139
Raw_Wav_20180223_005026.wav,290.5,4,0.827729463
Raw_Wav_20180223_005026.wav,305.5,4.5,0.836210079
Raw_Wav_20180223_005026.wav,317.5,2.5,0.893928117
Raw_Wav_20180223_005026.wav,320,1,0.674818046
Raw_Wav_20180223_005026.wav,325,1,0.508303793
Raw_Wav_20180223_005026.wav,338,3.5,0.81374625
Raw_Wav_20180223_005026.wav,343,2,0.725557225
Raw_Wav_20180223_005026.wav,349,3,0.866118729
Raw_Wav_20180223_005026.wav,352,0.5,0.614646954
Raw_Wav_20180223_005026.wav,375.5,4,0.799722615
Raw_Wav_20180223_005026.wav,386,3,0.83343964
Raw_Wav_20180223_005026.wav,409,2.5,0.799573474
Raw_Wav_20180223_005026.wav,420,3,0.86006999
Raw_Wav_20180223_005026.wav,428,2,0.681738035
Raw_Wav_20180223_005026.wav,439.5,8,0.723013705
Raw_Wav_20180223_005026.wav,450.5,2.5,0.741230747
Raw_Wav_20180223_005026.wav,525.5,1.5,0.633224363
Raw_Wav_20180223_005026.wav,527.5,3,0.655575483
Raw_Wav_20180223_005026.wav,532,2.5,0.776421825
Raw_Wav_20180223_005026.wav,540,4,0.821126237
Raw_Wav_20180223_005026.wav,544,2,0.721222315
Raw_Wav_20180223_005026.wav,553.5,3.5,0.788737072
Raw_Wav_20180223_005026.wav,561.5,5.5,0.750386402
Raw_Wav_20180223_010026.wav,4,2,0.709640173
Raw_Wav_20180223_010026.wav,22,2,0.647323804
Raw_Wav_20180223_010026.wav,32,1.5,0.59912447
Raw_Wav_20180223_010026.wav,51,2.5,0.765238616
Raw_Wav_20180223_010026.wav,62,2,0.739460273
Raw_Wav_20180223_010026.wav,90,0.5,0.500800575
Raw_Wav_20180223_010026.wav,100.5,3,0.748261716
Raw_Wav_20180223_010026.wav,111.5,2,0.552131072
Raw_Wav_20180223_010026.wav,139,1.5,0.584986445
Raw_Wav_20180223_010026.wav,236,3.5,0.804106213
Raw_Wav_20180223_010026.wav,248.5,0.5,0.534412272
Raw_Wav_20180223_010026.wav,303.5,2.5,0.725264247
Raw_Wav_20180223_010026.wav,318.5,0.5,0.578553554
Raw_Wav_20180223_010026.wav,324,0.5,0.511709028
Raw_Wav_20180223_010026.wav,373.5,2,0.662653912
Raw_Wav_20180223_010026.wav,381,0.5,0.501047587
Raw_Wav_20180223_010026.wav,402,3,0.677188051
Raw_Wav_20180223_010026.wav,446.5,0.5,0.563777053
Raw_Wav_20180223_010026.wav,458,1.5,0.631470741
Raw_Wav_20180223_010026.wav,475,0.5,0.577935322
Raw_Wav_20180223_010026.wav,482,1,0.625155951
Raw_Wav_20180223_010026.wav,499,3,0.779092775
Raw_Wav_20180223_010026.wav,535,4.5,0.810076207
Raw_Wav_20180223_010026.wav,548,3.5,0.791588608
Raw_Wav_20180223_010026.wav,573.5,4.5,0.818387286
Raw_Wav_20180223_010026.wav,584,4.5,0.829923208
Raw_Wav_20180223_011026.wav,1,3,0.886483617
Raw_Wav_20180223_011026.wav,17,7.5,0.796621809
Raw_Wav_20180223_011026.wav,27,5,0.74458704
Raw_Wav_20180223_011026.wav,32,1,0.625522632
Raw_Wav_20180223_011026.wav,46.5,9,0.833793023
Raw_Wav_20180223_011026.wav,60,2.5,0.771984891
Raw_Wav_20180223_011026.wav,64,3.5,0.804717039
Raw_Wav_20180223_011026.wav,70,2,0.603176872
Raw_Wav_20180223_011026.wav,78,1,0.582328845
Raw_Wav_20180223_011026.wav,81.5,7,0.900965415
Raw_Wav_20180223_011026.wav,93,3,0.876216351
Raw_Wav_20180223_011026.wav,96,4,0.705430355
Raw_Wav_20180223_011026.wav,107.5,0.5,0.50103853
Raw_Wav_20180223_011026.wav,111,6,0.839508533
Raw_Wav_20180223_011026.wav,122.5,1,0.518620234
Raw_Wav_20180223_011026.wav,130.5,20,0.853987153
Raw_Wav_20180223_011026.wav,155.5,2,0.627574044
Raw_Wav_20180223_011026.wav,159,1,0.581133111
Raw_Wav_20180223_011026.wav,160,8.5,0.793231177
Raw_Wav_20180223_011026.wav,172.5,3.5,0.798344017
Raw_Wav_20180223_011026.wav,190,2,0.831714493
Raw_Wav_20180223_011026.wav,192,5.5,0.946198162
Raw_Wav_20180223_011026.wav,200.5,7,0.916625715
Raw_Wav_20180223_011026.wav,211.5,2.5,0.778285565
Raw_Wav_20180223_011026.wav,227.5,6.5,0.888231492
Raw_Wav_20180223_011026.wav,240.5,2.5,0.752721047
Raw_Wav_20180223_011026.wav,251,2.5,0.769576547
Raw_Wav_20180223_011026.wav,262,2.5,0.761505633
Raw_Wav_20180223_011026.wav,271.5,4.5,0.72738193
Raw_Wav_20180223_011026.wav,281.5,2.5,0.756654585
Raw_Wav_20180223_011026.wav,291,3.5,0.850946589
Raw_Wav_20180223_011026.wav,297.5,2,0.714996109
Raw_Wav_20180223_011026.wav,302,2,0.713438042
Raw_Wav_20180223_011026.wav,309.5,3,0.805012772
Raw_Wav_20180223_011026.wav,318,2,0.789247953
Raw_Wav_20180223_011026.wav,320,2,0.851056438
Raw_Wav_20180223_011026.wav,329.5,3,0.789188589
Raw_Wav_20180223_011026.wav,336,6,0.773631425
Raw_Wav_20180223_011026.wav,345.5,2.5,0.708593279
Raw_Wav_20180223_011026.wav,350,2,0.794276589
Raw_Wav_20180223_011026.wav,352,8.5,0.737551528
Raw_Wav_20180223_011026.wav,363.5,6.5,0.769195541
Raw_Wav_20180223_011026.wav,371.5,2,0.699543851
Raw_Wav_20180223_011026.wav,375,6.5,0.834672503
Raw_Wav_20180223_011026.wav,384.5,4,0.660885825
Raw_Wav_20180223_011026.wav,393.5,13.5,0.840955941
Raw_Wav_20180223_011026.wav,408,5.5,0.731912099
Raw_Wav_20180223_011026.wav,426.5,2.5,0.778717621
Raw_Wav_20180223_011026.wav,431,3,0.745534995
Raw_Wav_20180223_011026.wav,443.5,4.5,0.912438771
Raw_Wav_20180223_011026.wav,448,3,0.892101329
Raw_Wav_20180223_011026.wav,457,3,0.727227732
Raw_Wav_20180223_011026.wav,461,3,0.739686123
Raw_Wav_20180223_011026.wav,470.5,6.5,0.817077667
Raw_Wav_20180223_011026.wav,479.5,0.5,0.639598104
Raw_Wav_20180223_011026.wav,484.5,1.5,0.631627263
Raw_Wav_20180223_011026.wav,490,2,0.672301993
Raw_Wav_20180223_011026.wav,496,9,0.776289451
Raw_Wav_20180223_011026.wav,513,7,0.820875639
Raw_Wav_20180223_011026.wav,527,17,0.912982694
Raw_Wav_20180223_011026.wav,544,3,0.615314615
Raw_Wav_20180223_011026.wav,550.5,7,0.907435771
Raw_Wav_20180223_011026.wav,564.5,7.5,0.818325986
Raw_Wav_20180223_011026.wav,580.5,7.5,0.901855897
Raw_Wav_20180223_012026.wav,4,1,0.562304702
Raw_Wav_20180223_012026.wav,5.5,3,0.713274304
Raw_Wav_20180223_012026.wav,10.5,2.5,0.755361622
Raw_Wav_20180223_012026.wav,16.5,1.5,0.554241773
Raw_Wav_20180223_012026.wav,25.5,3,0.763871163
Raw_Wav_20180223_012026.wav,37.5,7.5,0.887640969
Raw_Wav_20180223_012026.wav,46.5,7,0.831556754
Raw_Wav_20180223_012026.wav,55,2,0.658187647
Raw_Wav_20180223_012026.wav,59.5,4.5,0.809793156
Raw_Wav_20180223_012026.wav,64,12,0.873233662
Raw_Wav_20180223_012026.wav,80,10,0.751044987
Raw_Wav_20180223_012026.wav,92,2.5,0.658650442
Raw_Wav_20180223_012026.wav,101,2.5,0.615625593
Raw_Wav_20180223_012026.wav,105,5.5,0.747458504
Raw_Wav_20180223_012026.wav,113.5,14.5,0.914858747
Raw_Wav_20180223_012026.wav,128,2.5,0.890204805
Raw_Wav_20180223_012026.wav,132,10,0.906743531
Raw_Wav_20180223_012026.wav,148.5,4.5,0.838617124
Raw_Wav_20180223_012026.wav,168.5,1,0.513560302
Raw_Wav_20180223_012026.wav,174,1,0.548411501
Raw_Wav_20180223_012026.wav,183,3,0.670316387
Raw_Wav_20180223_012026.wav,192.5,1.5,0.586016834
Raw_Wav_20180223_012026.wav,201,4.5,0.673938808
Raw_Wav_20180223_012026.wav,215,1,0.564585444
Raw_Wav_20180223_012026.wav,226,2.5,0.747583161
Raw_Wav_20180223_012026.wav,229.5,3,0.733779639
Raw_Wav_20180223_012026.wav,238.5,6,0.796205117
Raw_Wav_20180223_012026.wav,252.5,2.5,0.680684621
Raw_Wav_20180223_012026.wav,258,4,0.76551969
Raw_Wav_20180223_012026.wav,269.5,8,0.760568462
Raw_Wav_20180223_012026.wav,281,2,0.748622309
Raw_Wav_20180223_012026.wav,284.5,3.5,0.844845237
Raw_Wav_20180223_012026.wav,291.5,3,0.718970299
Raw_Wav_20180223_012026.wav,296.5,2,0.729772929
Raw_Wav_20180223_012026.wav,309.5,7.5,0.896616178
Raw_Wav_20180223_012026.wav,318.5,1.5,0.816404223
Raw_Wav_20180223_012026.wav,320,10.5,0.954518149
Raw_Wav_20180223_012026.wav,335,10.5,0.808377203
Raw_Wav_20180223_012026.wav,346.5,3,0.717488494
Raw_Wav_20180223_012026.wav,351.5,0.5,0.535117841
Raw_Wav_20180223_012026.wav,352,10.5,0.930365741
Raw_Wav_20180223_012026.wav,365,6.5,0.753041932
Raw_Wav_20180223_012026.wav,372.5,11.5,0.854276751
Raw_Wav_20180223_012026.wav,384,2,0.73660058
Raw_Wav_20180223_012026.wav,391,2.5,0.756570828
Raw_Wav_20180223_012026.wav,401.5,2.5,0.726277135
Raw_Wav_20180223_012026.wav,406,3,0.766838914
Raw_Wav_20180223_012026.wav,417,0.5,0.526068872
Raw_Wav_20180223_012026.wav,423,2,0.642954865
Raw_Wav_20180223_012026.wav,427,3,0.778807112
Raw_Wav_20180223_012026.wav,432.5,3,0.751380114
Raw_Wav_20180223_012026.wav,437.5,3,0.736701578
Raw_Wav_20180223_012026.wav,448,3.5,0.70948907
Raw_Wav_20180223_012026.wav,456.5,8,0.808083034
Raw_Wav_20180223_012026.wav,466.5,3.5,0.785490895
Raw_Wav_20180223_012026.wav,472,2.5,0.745100546
Raw_Wav_20180223_012026.wav,476.5,3.5,0.879318964
Raw_Wav_20180223_012026.wav,480,0.5,0.626678841
Raw_Wav_20180223_012026.wav,485,2.5,0.791715528
Raw_Wav_20180223_012026.wav,489.5,2.5,0.779515189
Raw_Wav_20180223_012026.wav,494.5,2.5,0.749101109
Raw_Wav_20180223_012026.wav,499,2.5,0.702781633
Raw_Wav_20180223_012026.wav,507.5,0.5,0.51039893
Raw_Wav_20180223_012026.wav,509.5,2,0.641035107
Raw_Wav_20180223_012026.wav,513.5,9,0.853642876
Raw_Wav_20180223_012026.wav,524.5,19.5,0.954865363
Raw_Wav_20180223_012026.wav,544,7.5,0.93521854
Raw_Wav_20180223_012026.wav,552.5,42,0.928676202
Raw_Wav_20180223_012026.wav,596,0.5,0.583880077
Raw_Wav_20180223_013026.wav,1,3.5,0.927521175
Raw_Wav_20180223_013026.wav,8,5.5,0.83040628
Raw_Wav_20180223_013026.wav,19.5,5.5,0.878190995
Raw_Wav_20180223_013026.wav,38,6,0.845222928
Raw_Wav_20180223_013026.wav,48,7.5,0.853432416
Raw_Wav_20180223_013026.wav,66.5,2,0.71344097
Raw_Wav_20180223_013026.wav,70.5,3.5,0.793666537
Raw_Wav_20180223_013026.wav,76.5,7,0.758169805
Raw_Wav_20180223_013026.wav,86.5,2.5,0.759577342
Raw_Wav_20180223_013026.wav,91,5,0.892889859
Raw_Wav_20180223_013026.wav,96,1.5,0.575365047
Raw_Wav_20180223_013026.wav,98,0.5,0.580392843
Raw_Wav_20180223_013026.wav,105,7.5,0.838083976
Raw_Wav_20180223_013026.wav,115.5,3,0.735846739
Raw_Wav_20180223_013026.wav,119.5,4,0.787044436
Raw_Wav_20180223_013026.wav,130.5,3,0.738079934
Raw_Wav_20180223_013026.wav,137,7,0.871631252
Raw_Wav_20180223_013026.wav,147.5,2.5,0.757295453
Raw_Wav_20180223_013026.wav,154.5,1.5,0.658191904
Raw_Wav_20180223_013026.wav,157.5,2.5,0.864551832
Raw_Wav_20180223_013026.wav,160,4.5,0.869935414
Raw_Wav_20180223_013026.wav,170,3,0.750536627
Raw_Wav_20180223_013026.wav,174.5,5.5,0.803819536
Raw_Wav_20180223_013026.wav,184,2.5,0.787699963
Raw_Wav_20180223_013026.wav,189.5,2.5,0.848902486
Raw_Wav_20180223_013026.wav,192,1,0.577936005
Raw_Wav_20180223_013026.wav,195,2.5,0.644691018
Raw_Wav_20180223_013026.wav,198.5,4.5,0.85516126
Raw_Wav_20180223_013026.wav,204.5,2.5,0.789815957
Raw_Wav_20180223_013026.wav,208.5,6,0.867039127
Raw_Wav_20180223_013026.wav,218,1.5,0.550638007
Raw_Wav_20180223_013026.wav,222.5,1.5,0.549373537
Raw_Wav_20180223_013026.wav,226.5,4.5,0.665640595
Raw_Wav_20180223_013026.wav,238,6,0.830789002
Raw_Wav_20180223_013026.wav,249,3,0.773886768
Raw_Wav_20180223_013026.wav,254,2,0.590927801
Raw_Wav_20180223_013026.wav,256,3.5,0.679628886
Raw_Wav_20180223_013026.wav,267,3.5,0.831512546
Raw_Wav_20180223_013026.wav,278.5,9.5,0.843607652
Raw_Wav_20180223_013026.wav,288,31.5,0.882046132
Raw_Wav_20180223_013026.wav,325,6,0.867052902
Raw_Wav_20180223_013026.wav,336,5,0.882903995
Raw_Wav_20180223_013026.wav,343.5,4,0.828285631
Raw_Wav_20180223_013026.wav,355.5,3.5,0.820378713
Raw_Wav_20180223_013026.wav,364.5,7.5,0.907371623
Raw_Wav_20180223_013026.wav,375,3.5,0.792843184
Raw_Wav_20180223_013026.wav,380,1.5,0.545314241
Raw_Wav_20180223_013026.wav,393,5,0.844430045
Raw_Wav_20180223_013026.wav,399.5,1.5,0.523840405
Raw_Wav_20180223_013026.wav,405,3,0.743092617
Raw_Wav_20180223_013026.wav,410,3,0.708555474
Raw_Wav_20180223_013026.wav,415.5,0.5,0.612641842
Raw_Wav_20180223_013026.wav,416,3.5,0.819875308
Raw_Wav_20180223_013026.wav,439,0.5,0.532176617
Raw_Wav_20180223_013026.wav,448,1.5,0.599852289
Raw_Wav_20180223_013026.wav,454.5,5.5,0.75984434
Raw_Wav_20180223_013026.wav,470,3.5,0.642604963
Raw_Wav_20180223_013026.wav,476.5,2.5,0.690320715
Raw_Wav_20180223_013026.wav,482.5,12.5,0.804798773
Raw_Wav_20180223_013026.wav,503,3,0.729321246
Raw_Wav_20180223_013026.wav,515,3.5,0.770929558
Raw_Wav_20180223_013026.wav,519,25,0.895287898
Raw_Wav_20180223_013026.wav,544,10,0.84306057
Raw_Wav_20180223_013026.wav,558,6,0.8053098
Raw_Wav_20180223_013026.wav,577,6,0.891704348
Raw_Wav_20180223_013026.wav,586.5,6.5,0.891972864
Raw_Wav_20180223_014026.wav,1,3,0.910101856
Raw_Wav_20180223_014026.wav,7,4,0.858035701
Raw_Wav_20180223_014026.wav,15.5,7,0.895046789
Raw_Wav_20180223_014026.wav,34,10.5,0.874437409
Raw_Wav_20180223_014026.wav,47,16.5,0.883061228
Raw_Wav_20180223_014026.wav,65,2.5,0.789790584
Raw_Wav_20180223_014026.wav,71.5,22.5,0.951399977
Raw_Wav_20180223_014026.wav,96,20.5,0.914153186
Raw_Wav_20180223_014026.wav,126,2,0.866845857
Raw_Wav_20180223_014026.wav,128,5.5,0.905193973
Raw_Wav_20180223_014026.wav,134,0.5,0.548630539
Raw_Wav_20180223_014026.wav,135.5,7,0.807084251
Raw_Wav_20180223_014026.wav,148.5,5,0.692598935
Raw_Wav_20180223_014026.wav,161,2,0.722900048
Raw_Wav_20180223_014026.wav,167.5,15.5,0.955177577
Raw_Wav_20180223_014026.wav,185.5,6.5,0.94780618
Raw_Wav_20180223_014026.wav,192,1,0.704366601
Raw_Wav_20180223_014026.wav,195.5,7.5,0.841277063
Raw_Wav_20180223_014026.wav,205.5,7.5,0.9034122
Raw_Wav_20180223_014026.wav,217,7,0.894037294
Raw_Wav_20180223_014026.wav,227,6,0.889152904
Raw_Wav_20180223_014026.wav,241,1,0.529537653
Raw_Wav_20180223_014026.wav,245.5,6.5,0.905364236
Raw_Wav_20180223_014026.wav,254.5,1.5,0.703594043
Raw_Wav_20180223_014026.wav,256,18,0.924308966
Raw_Wav_20180223_014026.wav,281.5,6.5,0.888126565
Raw_Wav_20180223_014026.wav,288,27.5,0.920773659
Raw_Wav_20180223_014026.wav,319,1,0.664492103
Raw_Wav_20180223_014026.wav,320,0.5,0.594460345
Raw_Wav_20180223_014026.wav,322,28.5,0.93462036
Raw_Wav_20180223_014026.wav,355,5,0.864839959
Raw_Wav_20180223_014026.wav,365.5,8.5,0.859749565
Raw_Wav_20180223_014026.wav,377.5,6.5,0.956382473
Raw_Wav_20180223_014026.wav,384,8.5,0.853329445
Raw_Wav_20180223_014026.wav,396,2,0.608417928
Raw_Wav_20180223_014026.wav,400,2,0.675279069
Raw_Wav_20180223_014026.wav,403,9,0.790286681
Raw_Wav_20180223_014026.wav,414,2,0.828250329
Raw_Wav_20180223_014026.wav,416,7,0.954109397
Raw_Wav_20180223_014026.wav,430.5,1.5,0.545508497
Raw_Wav_20180223_014026.wav,443,2,0.712731913
Raw_Wav_20180223_014026.wav,448,8,0.926214194
Raw_Wav_20180223_014026.wav,458.5,2.5,0.682143534
Raw_Wav_20180223_014026.wav,463,8,0.803952308
Raw_Wav_20180223_014026.wav,478,2,0.729008471
Raw_Wav_20180223_014026.wav,480,2,0.827579172
Raw_Wav_20180223_014026.wav,487,9,0.837143575
Raw_Wav_20180223_014026.wav,498,1.5,0.66151254
Raw_Wav_20180223_014026.wav,505.5,2.5,0.772901096
Raw_Wav_20180223_014026.wav,514.5,2,0.735496393
Raw_Wav_20180223_014026.wav,522.5,7,0.868174967
Raw_Wav_20180223_014026.wav,534.5,3,0.828748137
Raw_Wav_20180223_014026.wav,543.5,0.5,0.529216455
Raw_Wav_20180223_014026.wav,544,3.5,0.822428198
Raw_Wav_20180223_014026.wav,554.5,3,0.776852073
Raw_Wav_20180223_014026.wav,565.5,9,0.830634062
Raw_Wav_20180223_014026.wav,578,7,0.922777756
Raw_Wav_20180223_014026.wav,587.5,4.5,0.87167174
Raw_Wav_20180223_015026.wav,1,2.5,0.887321797
Raw_Wav_20180223_015026.wav,7.5,6.5,0.844160714
Raw_Wav_20180223_015026.wav,15.5,8,0.894649893
Raw_Wav_20180223_015026.wav,24.5,7.5,0.919088261
Raw_Wav_20180223_015026.wav,32,0.5,0.663641939
Raw_Wav_20180223_015026.wav,34.5,9,0.864901517
Raw_Wav_20180223_015026.wav,47,2,0.618926371
Raw_Wav_20180223_015026.wav,50.5,1.5,0.654113721
Raw_Wav_20180223_015026.wav,57,4.5,0.854542504
Raw_Wav_20180223_015026.wav,66,8.5,0.785753867
Raw_Wav_20180223_015026.wav,83,6.5,0.794604781
Raw_Wav_20180223_015026.wav,96,4.5,0.867350132
Raw_Wav_20180223_015026.wav,103.5,0.5,0.534268004
Raw_Wav_20180223_015026.wav,106,9,0.883689567
Raw_Wav_20180223_015026.wav,117.5,10.5,0.890177382
Raw_Wav_20180223_015026.wav,128,10,0.867355601
Raw_Wav_20180223_015026.wav,143.5,9,0.819267556
Raw_Wav_20180223_015026.wav,155,5,0.950766177
Raw_Wav_20180223_015026.wav,160,8,0.738323699
Raw_Wav_20180223_015026.wav,172,9.5,0.873807128
Raw_Wav_20180223_015026.wav,187,4,0.842072615
Raw_Wav_20180223_015026.wav,197,12,0.84632734
Raw_Wav_20180223_015026.wav,213,10,0.920443153
Raw_Wav_20180223_015026.wav,224.5,17,0.90837188
Raw_Wav_20180223_015026.wav,248,2.5,0.771458288
Raw_Wav_20180223_015026.wav,253.5,2.5,0.759387837
Raw_Wav_20180223_015026.wav,258,11,0.94668936
Raw_Wav_20180223_015026.wav,275,5,0.905489031
Raw_Wav_20180223_015026.wav,281.5,3,0.786600225
Raw_Wav_20180223_015026.wav,286.5,1.5,0.811148272
Raw_Wav_20180223_015026.wav,288,2,0.753180419
Raw_Wav_20180223_015026.wav,291.5,28,0.923671172
Raw_Wav_20180223_015026.wav,322.5,8.5,0.924045078
Raw_Wav_20180223_015026.wav,334.5,4.5,0.884779607
Raw_Wav_20180223_015026.wav,340.5,11.5,0.940165172
Raw_Wav_20180223_015026.wav,352,15,0.941137835
Raw_Wav_20180223_015026.wav,368.5,15.5,0.916252374
Raw_Wav_20180223_015026.wav,384,4,0.857790977
Raw_Wav_20180223_015026.wav,388.5,17.5,0.895024441
Raw_Wav_20180223_015026.wav,410,2.5,0.769597142
Raw_Wav_20180223_015026.wav,424,6,0.873147885
Raw_Wav_20180223_015026.wav,437,6.5,0.895315006
Raw_Wav_20180223_015026.wav,447,1,0.606091756
Raw_Wav_20180223_015026.wav,448,2.5,0.835530663
Raw_Wav_20180223_015026.wav,455,4,0.785061333
Raw_Wav_20180223_015026.wav,462,7,0.793598135
Raw_Wav_20180223_015026.wav,473,7,0.958489248
Raw_Wav_20180223_015026.wav,480,1.5,0.726891299
Raw_Wav_20180223_015026.wav,486,7,0.935991977
Raw_Wav_20180223_015026.wav,496,7,0.915008516
Raw_Wav_20180223_015026.wav,508,4,0.885297015
Raw_Wav_20180223_015026.wav,512,0.5,0.576435009
Raw_Wav_20180223_015026.wav,516,6,0.885975535
Raw_Wav_20180223_015026.wav,525.5,4,0.836824957
Raw_Wav_20180223_015026.wav,533.5,10.5,0.878013387
Raw_Wav_20180223_015026.wav,544,3.5,0.895169673
Raw_Wav_20180223_015026.wav,552,5,0.88811132
Raw_Wav_20180223_015026.wav,559,10,0.848534766
Raw_Wav_20180223_015026.wav,570.5,13.5,0.823698966
Raw_Wav_20180223_015026.wav,587,2,0.581215682
Raw_Wav_20180223_015026.wav,592,2.5,0.77211977
Raw_Wav_20180223_020026.wav,1,3.5,0.63087626
Raw_Wav_20180223_020026.wav,15.5,7,0.702585628
Raw_Wav_20180223_020026.wav,25.5,6.5,0.849100417
Raw_Wav_20180223_020026.wav,32,1.5,0.739496326
Raw_Wav_20180223_020026.wav,36,1.5,0.590073295
Raw_Wav_20180223_020026.wav,40,8,0.734474792
Raw_Wav_20180223_020026.wav,55,9,0.861547548
Raw_Wav_20180223_020026.wav,64,10.5,0.845224254
Raw_Wav_20180223_020026.wav,76.5,19.5,0.918529272
Raw_Wav_20180223_020026.wav,96,28.5,0.906759916
Raw_Wav_20180223_020026.wav,127,1,0.663294917
Raw_Wav_20180223_020026.wav,128,8,0.826718183
Raw_Wav_20180223_020026.wav,140.5,5.5,0.858438109
Raw_Wav_20180223_020026.wav,147,13,0.916054382
Raw_Wav_20180223_020026.wav,160,3.5,0.777704727
Raw_Wav_20180223_020026.wav,164,5,0.820571465
Raw_Wav_20180223_020026.wav,171,13,0.877394204
Raw_Wav_20180223_020026.wav,187,5,0.863701736
Raw_Wav_20180223_020026.wav,192,8,0.811223431
Raw_Wav_20180223_020026.wav,206,12,0.913778812
Raw_Wav_20180223_020026.wav,221.5,2.5,0.712045023
Raw_Wav_20180223_020026.wav,226,4.5,0.759271578
Raw_Wav_20180223_020026.wav,234,22,0.857245161
Raw_Wav_20180223_020026.wav,256,32,0.997546155
Raw_Wav_20180223_020026.wav,288,18,0.84879184
Raw_Wav_20180223_020026.wav,307.5,12.5,0.975439539
Raw_Wav_20180223_020026.wav,320,15,0.887508185
Raw_Wav_20180223_020026.wav,336,3,0.805216307
Raw_Wav_20180223_020026.wav,341,2,0.740244677
Raw_Wav_20180223_020026.wav,347.5,4.5,0.946408052
Raw_Wav_20180223_020026.wav,352,32,0.932009365
Raw_Wav_20180223_020026.wav,384,32,0.978936276
Raw_Wav_20180223_020026.wav,416,8.5,0.963766489
Raw_Wav_20180223_020026.wav,430.5,8.5,0.869955781
Raw_Wav_20180223_020026.wav,440.5,5.5,0.865934431
Raw_Wav_20180223_020026.wav,448.5,2.5,0.716658739
Raw_Wav_20180223_020026.wav,452.5,7,0.878900712
Raw_Wav_20180223_020026.wav,464.5,6,0.899679811
Raw_Wav_20180223_020026.wav,474.5,1.5,0.581150733
Raw_Wav_20180223_020026.wav,477.5,2.5,0.782432001
Raw_Wav_20180223_020026.wav,480,1,0.636899842
Raw_Wav_20180223_020026.wav,482,4,0.817761326
Raw_Wav_20180223_020026.wav,489.5,8,0.870913727
Raw_Wav_20180223_020026.wav,499,13,0.965109557
Raw_Wav_20180223_020026.wav,512,4,0.85549647
Raw_Wav_20180223_020026.wav,519,4.5,0.860134461
Raw_Wav_20180223_020026.wav,525,19,0.936980567
Raw_Wav_20180223_020026.wav,544,4,0.927642627
Raw_Wav_20180223_020026.wav,549.5,6.5,0.847996609
Raw_Wav_20180223_020026.wav,557.5,23.5,0.929459531
Raw_Wav_20180223_020026.wav,583.5,10,0.919438661
Raw_Wav_20180223_020026.wav,595,1.5,0.767421488
Raw_Wav_20180223_021026.wav,2,30,0.926108864
Raw_Wav_20180223_021026.wav,32,29,0.933318567
Raw_Wav_20180223_021026.wav,62.5,1.5,0.69018386
Raw_Wav_20180223_021026.wav,64,31.5,0.959277207
Raw_Wav_20180223_021026.wav,97,31,0.988753089
Raw_Wav_20180223_021026.wav,128,32,0.921024262
Raw_Wav_20180223_021026.wav,160,14.5,0.840568078
Raw_Wav_20180223_021026.wav,175,17,0.904922754
Raw_Wav_20180223_021026.wav,192,13,0.972861336
Raw_Wav_20180223_021026.wav,208,16,0.773897437
Raw_Wav_20180223_021026.wav,224,18.5,0.88841838
Raw_Wav_20180223_021026.wav,243.5,0.5,0.500385776
Raw_Wav_20180223_021026.wav,246.5,9.5,0.949995464
Raw_Wav_20180223_021026.wav,256,11.5,0.942800983
Raw_Wav_20180223_021026.wav,270.5,17.5,0.810559913
Raw_Wav_20180223_021026.wav,288,20,0.910688429
Raw_Wav_20180223_021026.wav,312,5,0.842289218
Raw_Wav_20180223_021026.wav,319.5,0.5,0.626917224
Raw_Wav_20180223_021026.wav,320,16.5,0.892502243
Raw_Wav_20180223_021026.wav,337.5,14.5,0.9015293
Raw_Wav_20180223_021026.wav,352,8,0.949026986
Raw_Wav_20180223_021026.wav,362,8.5,0.882974386
Raw_Wav_20180223_021026.wav,376,3,0.811678445
Raw_Wav_20180223_021026.wav,382.5,1,0.560368004
Raw_Wav_20180223_021026.wav,391,6,0.879103306
Raw_Wav_20180223_021026.wav,406.5,2.5,0.777841258
Raw_Wav_20180223_021026.wav,412.5,3.5,0.677834558
Raw_Wav_20180223_021026.wav,418,2.5,0.657122523
Raw_Wav_20180223_021026.wav,422,13,0.93161637
Raw_Wav_20180223_021026.wav,441.5,5,0.837841725
Raw_Wav_20180223_021026.wav,447.5,0.5,0.568791309
Raw_Wav_20180223_021026.wav,448,20.5,0.971728661
Raw_Wav_20180223_021026.wav,470.5,7,0.706926871
Raw_Wav_20180223_021026.wav,481.5,5.5,0.879948998
Raw_Wav_20180223_021026.wav,489.5,9,0.840250204
Raw_Wav_20180223_021026.wav,501,5,0.84212372
Raw_Wav_20180223_021026.wav,510,2,0.763931277
Raw_Wav_20180223_021026.wav,512,26.5,0.943291676
Raw_Wav_20180223_021026.wav,540.5,3.5,0.918051696
Raw_Wav_20180223_021026.wav,544,9,0.935326065
Raw_Wav_20180223_021026.wav,558.5,3.5,0.838314322
Raw_Wav_20180223_021026.wav,569,3,0.813300197
Raw_Wav_20180223_021026.wav,579.5,3.5,0.868179381
Raw_Wav_20180223_021026.wav,589.5,4.5,0.834074655
Raw_Wav_20180223_022026.wav,1,2.5,0.695540958
Raw_Wav_20180223_022026.wav,5,6,0.880019597
Raw_Wav_20180223_022026.wav,12,8.5,0.882746131
Raw_Wav_20180223_022026.wav,22.5,7.5,0.907515075
Raw_Wav_20180223_022026.wav,34,6,0.823194946
Raw_Wav_20180223_022026.wav,41.5,22.5,0.928405276
Raw_Wav_20180223_022026.wav,64,32,0.955718079
Raw_Wav_20180223_022026.wav,96,32,0.964575453
Raw_Wav_20180223_022026.wav,128,12.5,0.968143944
Raw_Wav_20180223_022026.wav,143,9,0.857462585
Raw_Wav_20180223_022026.wav,154,6,0.91574923
Raw_Wav_20180223_022026.wav,160,13.5,0.940586754
Raw_Wav_20180223_022026.wav,175,6,0.792868498
Raw_Wav_20180223_022026.wav,185,7,0.956671846
Raw_Wav_20180223_022026.wav,192,17,0.981203606
Raw_Wav_20180223_022026.wav,211,10.5,0.851400629
Raw_Wav_20180223_022026.wav,223,1,0.592862566
Raw_Wav_20180223_022026.wav,224,11,0.965157534
Raw_Wav_20180223_022026.wav,236.5,19.5,0.922195597
Raw_Wav_20180223_022026.wav,256,24,0.978853001
Raw_Wav_20180223_022026.wav,283,5,0.876438429
Raw_Wav_20180223_022026.wav,288,10.5,0.963517889
Raw_Wav_20180223_022026.wav,302,4.5,0.866566877
Raw_Wav_20180223_022026.wav,312,4,0.846449443
Raw_Wav_20180223_022026.wav,317.5,2.5,0.846964213
Raw_Wav_20180223_022026.wav,320,32,0.952263163
Raw_Wav_20180223_022026.wav,352,32,0.985821824
Raw_Wav_20180223_022026.wav,384,32,0.922568737
Raw_Wav_20180223_022026.wav,418,30,0.971957204
Raw_Wav_20180223_022026.wav,448,32,0.999620183
Raw_Wav_20180223_022026.wav,480,32,0.948594274
Raw_Wav_20180223_022026.wav,512,32,0.962435002
Raw_Wav_20180223_022026.wav,544,5.5,0.922821379
Raw_Wav_20180223_022026.wav,552,12,0.952906152
Raw_Wav_20180223_022026.wav,565.5,31,0.961448118
Raw_Wav_20180223_023026.wav,1,26.5,0.966062371
Raw_Wav_20180223_023026.wav,30,2,0.729378506
Raw_Wav_20180223_023026.wav,32,9.5,0.952165026
Raw_Wav_20180223_023026.wav,42.5,21.5,0.918931834
Raw_Wav_20180223_023026.wav,64,12.5,0.968240694
Raw_Wav_20180223_023026.wav,78,18,0.981845558
Raw_Wav_20180223_023026.wav,96,14.5,0.95232614
Raw_Wav_20180223_023026.wav,111,6,0.839075966
Raw_Wav_20180223_023026.wav,122.5,5.5,0.944274439
Raw_Wav_20180223_023026.wav,128,2,0.835909315
Raw_Wav_20180223_023026.wav,134,11.5,0.933133764
Raw_Wav_20180223_023026.wav,147.5,8.5,0.922477598
Raw_Wav_20180223_023026.wav,157,2.5,0.680579963
Raw_Wav_20180223_023026.wav,162.5,4,0.870884618
Raw_Wav_20180223_023026.wav,167.5,10.5,0.904205295
Raw_Wav_20180223_023026.wav,181.5,7.5,0.918969283
Raw_Wav_20180223_023026.wav,190.5,1.5,0.814187543
Raw_Wav_20180223_023026.wav,192,13,0.892412042
Raw_Wav_20180223_023026.wav,209.5,5.5,0.906217631
Raw_Wav_20180223_023026.wav,218.5,5.5,0.946374108
Raw_Wav_20180223_023026.wav,224,1,0.711055924
Raw_Wav_20180223_023026.wav,229.5,15.5,0.853071468
Raw_Wav_20180223_023026.wav,247,5.5,0.898126152
Raw_Wav_20180223_023026.wav,257.5,5.5,0.851567171
Raw_Wav_20180223_023026.wav,265,9.5,0.905313821
Raw_Wav_20180223_023026.wav,279.5,8.5,0.853066872
Raw_Wav_20180223_023026.wav,289.5,5,0.813946471
Raw_Wav_20180223_023026.wav,297,19.5,0.884084666
Raw_Wav_20180223_023026.wav,322,7.5,0.804887563
Raw_Wav_20180223_023026.wav,332.5,2,0.605479353
Raw_Wav_20180223_023026.wav,337,4.5,0.860744643
Raw_Wav_20180223_023026.wav,344,8,0.963246941
Raw_Wav_20180223_023026.wav,352,7.5,0.964925003
Raw_Wav_20180223_023026.wav,363.5,20.5,0.915175875
Raw_Wav_20180223_023026.wav,384,7,0.924110562
Raw_Wav_20180223_023026.wav,393,9,0.936925375
Raw_Wav_20180223_023026.wav,403.5,12.5,0.956651841
Raw_Wav_20180223_023026.wav,416,5.5,0.897062138
Raw_Wav_20180223_023026.wav,422.5,24,0.892807519
Raw_Wav_20180223_023026.wav,447.5,0.5,0.573315327
Raw_Wav_20180223_023026.wav,448,7.5,0.92593802
Raw_Wav_20180223_023026.wav,457,8.5,0.807321194
Raw_Wav_20180223_023026.wav,467.5,7.5,0.821937774
Raw_Wav_20180223_023026.wav,476.5,3.5,0.854358902
Raw_Wav_20180223_023026.wav,480,4,0.793357725
Raw_Wav_20180223_023026.wav,487.5,6,0.875043258
Raw_Wav_20180223_023026.wav,498,5.5,0.863189688
Raw_Wav_20180223_023026.wav,505,7,0.913269564
Raw_Wav_20180223_023026.wav,512,0.5,0.597082855
Raw_Wav_20180223_023026.wav,514,0.5,0.583458265
Raw_Wav_20180223_023026.wav,516,8,0.895389841
Raw_Wav_20180223_023026.wav,527.5,7.5,0.917562273
Raw_Wav_20180223_023026.wav,537.5,3,0.829334077
Raw_Wav_20180223_023026.wav,545.5,0.5,0.515809524
Raw_Wav_20180223_023026.wav,564,0.5,0.605959404
Raw_Wav_20180223_023026.wav,568.5,0.5,0.554614541
Raw_Wav_20180223_023026.wav,570,0.5,0.648667165
Raw_Wav_20180223_024026.wav,1,10,0.891394159
Raw_Wav_20180223_024026.wav,15,6,0.835489359
Raw_Wav_20180223_024026.wav,28.5,3.5,0.712322174
Raw_Wav_20180223_024026.wav,32,1.5,0.530476482
Raw_Wav_20180223_024026.wav,36,14.5,0.931041548
Raw_Wav_20180223_024026.wav,56,8,0.919125824
Raw_Wav_20180223_024026.wav,66,6,0.911252137
Raw_Wav_20180223_024026.wav,76,3.5,0.629104815
Raw_Wav_20180223_024026.wav,81.5,1.5,0.610633419
Raw_Wav_20180223_024026.wav,83.5,8,0.838439395
Raw_Wav_20180223_024026.wav,95,1,0.719709064
Raw_Wav_20180223_024026.wav,96,5.5,0.947470997
Raw_Wav_20180223_024026.wav,105.5,8,0.868093032
Raw_Wav_20180223_024026.wav,115.5,12.5,0.910647842
Raw_Wav_20180223_024026.wav,128,4,0.929809413
Raw_Wav_20180223_024026.wav,135.5,3,0.672653237
Raw_Wav_20180223_024026.wav,140,0.5,0.623385542
Raw_Wav_20180223_024026.wav,141,1,0.527945267
Raw_Wav_20180223_024026.wav,145.5,4,0.788868003
Raw_Wav_20180223_024026.wav,150,10,0.875934941
Raw_Wav_20180223_024026.wav,160,2,0.707176889
Raw_Wav_20180223_024026.wav,165,10.5,0.895130818
Raw_Wav_20180223_024026.wav,177.5,11.5,0.867618768
Raw_Wav_20180223_024026.wav,195,8.5,0.824055239
Raw_Wav_20180223_024026.wav,205,12.5,0.812358476
Raw_Wav_20180223_024026.wav,224.5,3.5,0.826479512
Raw_Wav_20180223_024026.wav,230,26,0.858725686
Raw_Wav_20180223_024026.wav,256,14,0.862215739
Raw_Wav_20180223_024026.wav,274.5,8.5,0.928341897
Raw_Wav_20180223_024026.wav,285.5,2.5,0.799626505
Raw_Wav_20180223_024026.wav,288,14,0.874601913
Raw_Wav_20180223_024026.wav,305,15,0.870227423
Raw_Wav_20180223_024026.wav,320,11,0.788550296
Raw_Wav_20180223_024026.wav,337,2.5,0.650881996
Raw_Wav_20180223_024026.wav,341,8,0.920246477
Raw_Wav_20180223_024026.wav,350.5,1.5,0.838742428
Raw_Wav_20180223_024026.wav,352,7,0.844385447
Raw_Wav_20180223_024026.wav,361,9.5,0.854829973
Raw_Wav_20180223_024026.wav,374.5,4,0.788610232
Raw_Wav_20180223_024026.wav,382.5,1.5,0.814731171
Raw_Wav_20180223_024026.wav,384,4,0.885489189
Raw_Wav_20180223_024026.wav,392.5,5.5,0.87327983
Raw_Wav_20180223_024026.wav,403,3.5,0.76657136
Raw_Wav_20180223_024026.wav,411.5,1.5,0.620726401
Raw_Wav_20180223_024026.wav,419.5,4,0.880015804
Raw_Wav_20180223_024026.wav,429,5.5,0.837644938
Raw_Wav_20180223_024026.wav,439,4,0.816074233
Raw_Wav_20180223_024026.wav,447.5,0.5,0.502175936
Raw_Wav_20180223_024026.wav,448,5,0.884538493
Raw_Wav_20180223_024026.wav,458.5,3.5,0.784348411
Raw_Wav_20180223_024026.wav,469,11,0.856418622
Raw_Wav_20180223_024026.wav,480,3.5,0.892529622
Raw_Wav_20180223_024026.wav,489.5,7,0.912137499
Raw_Wav_20180223_024026.wav,498,4,0.876796545
Raw_Wav_20180223_024026.wav,507,5,0.839142734
Raw_Wav_20180223_024026.wav,512,0.5,0.530737445
Raw_Wav_20180223_024026.wav,518,7.5,0.758859735
Raw_Wav_20180223_024026.wav,527.5,14,0.812305885
Raw_Wav_20180223_024026.wav,546,7,0.890451782
Raw_Wav_20180223_024026.wav,555,8.5,0.875422184
Raw_Wav_20180223_024026.wav,565.5,14,0.919506754
Raw_Wav_20180223_024026.wav,584,4.5,0.86080839
Raw_Wav_20180223_024026.wav,594,2.5,0.828320805
Raw_Wav_20180223_025026.wav,2.5,14,0.921324638
Raw_Wav_20180223_025026.wav,20.5,7,0.899008885
Raw_Wav_20180223_025026.wav,30,2,0.748586346
Raw_Wav_20180223_025026.wav,32,1.5,0.661226478
Raw_Wav_20180223_025026.wav,34,6,0.810427474
Raw_Wav_20180223_025026.wav,46.5,8.5,0.910776457
Raw_Wav_20180223_025026.wav,57.5,3,0.758564178
Raw_Wav_20180223_025026.wav,63.5,0.5,0.678997062
Raw_Wav_20180223_025026.wav,64,8.5,0.778320979
Raw_Wav_20180223_025026.wav,73.5,10,0.864776528
Raw_Wav_20180223_025026.wav,84.5,11.5,0.840206817
Raw_Wav_20180223_025026.wav,96,1,0.610073203
Raw_Wav_20180223_025026.wav,98,9,0.900671898
Raw_Wav_20180223_025026.wav,109.5,1,0.554719544
Raw_Wav_20180223_025026.wav,111,1,0.570000757
Raw_Wav_20180223_025026.wav,119,9,0.903860776
Raw_Wav_20180223_025026.wav,130.5,5,0.862038927
Raw_Wav_20180223_025026.wav,136,7,0.870825907
Raw_Wav_20180223_025026.wav,152,8,0.912967801
Raw_Wav_20180223_025026.wav,160,1.5,0.693508403
Raw_Wav_20180223_025026.wav,167.5,2.5,0.747255531
Raw_Wav_20180223_025026.wav,172.5,5,0.807770046
Raw_Wav_20180223_025026.wav,183.5,3.5,0.695224313
Raw_Wav_20180223_025026.wav,189.5,2.5,0.900842944
Raw_Wav_20180223_025026.wav,192,3.5,0.904751148
Raw_Wav_20180223_025026.wav,201,10,0.846335878
Raw_Wav_20180223_025026.wav,212.5,3,0.740298002
Raw_Wav_20180223_025026.wav,219.5,4.5,0.924109412
Raw_Wav_20180223_025026.wav,224,3.5,0.838353255
Raw_Wav_20180223_025026.wav,229,2.5,0.710648787
Raw_Wav_20180223_025026.wav,235,14,0.912282163
Raw_Wav_20180223_025026.wav,252.5,3.5,0.825524234
Raw_Wav_20180223_025026.wav,256,4,0.906987857
Raw_Wav_20180223_025026.wav,263.5,9,0.845377959
Raw_Wav_20180223_025026.wav,275,5,0.896662919
Raw_Wav_20180223_025026.wav,282,1,0.504536548
Raw_Wav_20180223_025026.wav,285.5,2.5,0.88063764
Raw_Wav_20180223_025026.wav,288,4.5,0.89709553
Raw_Wav_20180223_025026.wav,295,3.5,0.796759047
Raw_Wav_20180223_025026.wav,311,9,0.784423489
Raw_Wav_20180223_025026.wav,321.5,5.5,0.779280696
Raw_Wav_20180223_025026.wav,331,5.5,0.772765801
Raw_Wav_20180223_025026.wav,340.5,6.5,0.744083807
Raw_Wav_20180223_025026.wav,349,2.5,0.765067968
Raw_Wav_20180223_025026.wav,359.5,5.5,0.901905218
Raw_Wav_20180223_025026.wav,370.5,5.5,0.733165947
Raw_Wav_20180223_025026.wav,377.5,2,0.644581382
Raw_Wav_20180223_025026.wav,381,3,0.885731781
Raw_Wav_20180223_025026.wav,384,2,0.817999559
Raw_Wav_20180223_025026.wav,390,0.5,0.538939138
Raw_Wav_20180223_025026.wav,391,5,0.783465632
Raw_Wav_20180223_025026.wav,400,4,0.793433998
Raw_Wav_20180223_025026.wav,409,7,0.82104247
Raw_Wav_20180223_025026.wav,416,10.5,0.838126354
Raw_Wav_20180223_025026.wav,429,1.5,0.696543736
Raw_Wav_20180223_025026.wav,431.5,16.5,0.959794494
Raw_Wav_20180223_025026.wav,448,0.5,0.604221373
Raw_Wav_20180223_025026.wav,450.5,13,0.776742878
Raw_Wav_20180223_025026.wav,465.5,7,0.897316489
Raw_Wav_20180223_025026.wav,477.5,2.5,0.857611512
Raw_Wav_20180223_025026.wav,480,18,0.973837072
Raw_Wav_20180223_025026.wav,499.5,12.5,0.909117293
Raw_Wav_20180223_025026.wav,512,4.5,0.923185325
Raw_Wav_20180223_025026.wav,518,15,0.827299093
Raw_Wav_20180223_025026.wav,533.5,2.5,0.636258539
Raw_Wav_20180223_025026.wav,537.5,6.5,0.86731411
Raw_Wav_20180223_025026.wav,547,8,0.849695069
Raw_Wav_20180223_025026.wav,559,5.5,0.86828154
Raw_Wav_20180223_025026.wav,566,3,0.786278125
Raw_Wav_20180223_025026.wav,570.5,15,0.795407511
Raw_Wav_20180223_025026.wav,587,3.5,0.836220635
Raw_Wav_20180223_030026.wav,1,17,0.917260162
Raw_Wav_20180223_030026.wav,23,5.5,0.898827248
Raw_Wav_20180223_030026.wav,36,5.5,0.876333914
Raw_Wav_20180223_030026.wav,43.5,3.5,0.852000952
Raw_Wav_20180223_030026.wav,54,10,0.965554589
Raw_Wav_20180223_030026.wav,64,4,0.890682263
Raw_Wav_20180223_030026.wav,72.5,22,0.936972543
Raw_Wav_20180223_030026.wav,102.5,6.5,0.702245389
Raw_Wav_20180223_030026.wav,109.5,9.5,0.914557858
Raw_Wav_20180223_030026.wav,120.5,7.5,0.948267977
Raw_Wav_20180223_030026.wav,128,16,0.890274956
Raw_Wav_20180223_030026.wav,145.5,2.5,0.714770884
Raw_Wav_20180223_030026.wav,150,9.5,0.905884241
Raw_Wav_20180223_030026.wav,162,1.5,0.548384924
Raw_Wav_20180223_030026.wav,165.5,7,0.896580287
Raw_Wav_20180223_030026.wav,176.5,6.5,0.88104373
Raw_Wav_20180223_030026.wav,188,4,0.916155111
Raw_Wav_20180223_030026.wav,192,1.5,0.726719064
Raw_Wav_20180223_030026.wav,195,23,0.903831915
Raw_Wav_20180223_030026.wav,224.5,8,0.920395573
Raw_Wav_20180223_030026.wav,241,5.5,0.9126343
Raw_Wav_20180223_030026.wav,251.5,4.5,0.914936775
Raw_Wav_20180223_030026.wav,256,1.5,0.785049242
Raw_Wav_20180223_030026.wav,262,9,0.908685141
Raw_Wav_20180223_030026.wav,279,5.5,0.851776334
Raw_Wav_20180223_030026.wav,290,3.5,0.801544352
Raw_Wav_20180223_030026.wav,299.5,5,0.838283721
Raw_Wav_20180223_030026.wav,308,1.5,0.533495926
Raw_Wav_20180223_030026.wav,316.5,3.5,0.799389716
Raw_Wav_20180223_030026.wav,320,0.5,0.548876485
Raw_Wav_20180223_030026.wav,326.5,3,0.767448925
Raw_Wav_20180223_030026.wav,331.5,3.5,0.881580079
Raw_Wav_20180223_030026.wav,337,6.5,0.724914237
Raw_Wav_20180223_030026.wav,347,2.5,0.708801687
Raw_Wav_20180223_030026.wav,351.5,0.5,0.57663975
Raw_Wav_20180223_030026.wav,352,2.5,0.752810391
Raw_Wav_20180223_030026.wav,362,4,0.84699801
Raw_Wav_20180223_030026.wav,372,5.5,0.887771054
Raw_Wav_20180223_030026.wav,382,2,0.824183418
Raw_Wav_20180223_030026.wav,384,2,0.66150711
Raw_Wav_20180223_030026.wav,387,8,0.853125505
Raw_Wav_20180223_030026.wav,399.5,3,0.785716731
Raw_Wav_20180223_030026.wav,404.5,11.5,0.87334839
Raw_Wav_20180223_030026.wav,416,9.5,0.955570042
Raw_Wav_20180223_030026.wav,430.5,17,0.895023698
Raw_Wav_20180223_030026.wav,449,9,0.858593839
Raw_Wav_20180223_030026.wav,459.5,3,0.823295356
Raw_Wav_20180223_030026.wav,464.5,8,0.893567882
Raw_Wav_20180223_030026.wav,476.5,2,0.647132156
Raw_Wav_20180223_030026.wav,480.5,15.5,0.910303373
Raw_Wav_20180223_030026.wav,497,4,0.757602322
Raw_Wav_20180223_030026.wav,504,7.5,0.921109189
Raw_Wav_20180223_030026.wav,517,8.5,0.921618338
Raw_Wav_20180223_030026.wav,527.5,6.5,0.790751759
Raw_Wav_20180223_030026.wav,535.5,3,0.683549631
Raw_Wav_20180223_030026.wav,541,3,0.8801671
Raw_Wav_20180223_030026.wav,544,5.5,0.90222823
Raw_Wav_20180223_030026.wav,551,2,0.643924524
Raw_Wav_20180223_030026.wav,556.5,6,0.861008239
Raw_Wav_20180223_030026.wav,567.5,6,0.841080083
Raw_Wav_20180223_030026.wav,575,21.5,0.789718376
Raw_Wav_20180223_031026.wav,5.5,8,0.902909283
Raw_Wav_20180223_031026.wav,16,16,0.852452421
Raw_Wav_20180223_031026.wav,32,1.5,0.785048557
Raw_Wav_20180223_031026.wav,35.5,14,0.947943432
Raw_Wav_20180223_031026.wav,54,10,0.952044354
Raw_Wav_20180223_031026.wav,64,11.5,0.817382757
Raw_Wav_20180223_031026.wav,79.5,5,0.885663141
Raw_Wav_20180223_031026.wav,89,7,0.873161823
Raw_Wav_20180223_031026.wav,96,2.5,0.685152661
Raw_Wav_20180223_031026.wav,101,4,0.844996779
Raw_Wav_20180223_031026.wav,111.5,5,0.819226847
Raw_Wav_20180223_031026.wav,123.5,4.5,0.910049068
Raw_Wav_20180223_031026.wav,128,20.5,0.844595034
Raw_Wav_20180223_031026.wav,150.5,3.5,0.811914044
Raw_Wav_20180223_031026.wav,164,9,0.863061174
Raw_Wav_20180223_031026.wav,174,0.5,0.530863385
Raw_Wav_20180223_031026.wav,176,5.5,0.84106816
Raw_Wav_20180223_031026.wav,189.5,2.5,0.901317797
Raw_Wav_20180223_031026.wav,192,17,0.921425422
Raw_Wav_20180223_031026.wav,216,4.5,0.84037897
Raw_Wav_20180223_031026.wav,225.5,6,0.836772859
Raw_Wav_20180223_031026.wav,233.5,6.5,0.836743493
Raw_Wav_20180223_031026.wav,242,7,0.888669839
Raw_Wav_20180223_031026.wav,255,1,0.661869746
Raw_Wav_20180223_031026.wav,256,2.5,0.870945035
Raw_Wav_20180223_031026.wav,266.5,3.5,0.840664544
Raw_Wav_20180223_031026.wav,277,4,0.821797016
Raw_Wav_20180223_031026.wav,286.5,1.5,0.762362239
Raw_Wav_20180223_031026.wav,288,2.5,0.848666928
Raw_Wav_20180223_031026.wav,303,6.5,0.763128055
Raw_Wav_20180223_031026.wav,314.5,3.5,0.854437391
Raw_Wav_20180223_031026.wav,323.5,7.5,0.735167894
Raw_Wav_20180223_031026.wav,334.5,5,0.814551551
Raw_Wav_20180223_031026.wav,353,5,0.789770824
Raw_Wav_20180223_031026.wav,365,6,0.874008594
Raw_Wav_20180223_031026.wav,375,7,0.844954392
Raw_Wav_20180223_031026.wav,384,6,0.846760033
Raw_Wav_20180223_031026.wav,392.5,6.5,0.857790731
Raw_Wav_20180223_031026.wav,402.5,7.5,0.910382732
Raw_Wav_20180223_031026.wav,412,4,0.942828248
Raw_Wav_20180223_031026.wav,416,2.5,0.875469801
Raw_Wav_20180223_031026.wav,420.5,20.5,0.930312305
Raw_Wav_20180223_031026.wav,446,2,0.796593421
Raw_Wav_20180223_031026.wav,448,6,0.909032028
Raw_Wav_20180223_031026.wav,456.5,8.5,0.904150196
Raw_Wav_20180223_031026.wav,470.5,6,0.865702669
Raw_Wav_20180223_031026.wav,478,2,0.796520494
Raw_Wav_20180223_031026.wav,480,6,0.910848279
Raw_Wav_20180223_031026.wav,492.5,19,0.912762632
Raw_Wav_20180223_031026.wav,513.5,14,0.877065009
Raw_Wav_20180223_031026.wav,530,14,0.858171343
Raw_Wav_20180223_031026.wav,544,3,0.926903531
Raw_Wav_20180223_031026.wav,550.5,3.5,0.795072235
Raw_Wav_20180223_031026.wav,560,6.5,0.886163971
Raw_Wav_20180223_031026.wav,569.5,6,0.907049026
Raw_Wav_20180223_031026.wav,579.5,3,0.694301435
Raw_Wav_20180223_031026.wav,588.5,8,0.911027122
Raw_Wav_20180223_032026.wav,1,2.5,0.842802889
Raw_Wav_20180223_032026.wav,7.5,8,0.912823139
Raw_Wav_20180223_032026.wav,18,4.5,0.850989952
Raw_Wav_20180223_032026.wav,28.5,3.5,0.919186901
Raw_Wav_20180223_032026.wav,32,1,0.694748806
Raw_Wav_20180223_032026.wav,41.5,2,0.724854517
Raw_Wav_20180223_032026.wav,45,5.5,0.850279907
Raw_Wav_20180223_032026.wav,53.5,7.5,0.925191474
Raw_Wav_20180223_032026.wav,63,1,0.655081699
Raw_Wav_20180223_032026.wav,64,12.5,0.917526787
Raw_Wav_20180223_032026.wav,80,16,0.841661931
Raw_Wav_20180223_032026.wav,96,14,0.930308545
Raw_Wav_20180223_032026.wav,112,9,0.814364396
Raw_Wav_20180223_032026.wav,123.5,4.5,0.878316507
Raw_Wav_20180223_032026.wav,128,3,0.812317836
Raw_Wav_20180223_032026.wav,135.5,3.5,0.831267173
Raw_Wav_20180223_032026.wav,146,4.5,0.861197456
Raw_Wav_20180223_032026.wav,151.5,2.5,0.690227907
Raw_Wav_20180223_032026.wav,156,4,0.92196241
Raw_Wav_20180223_032026.wav,160,5,0.918104915
Raw_Wav_20180223_032026.wav,167,12,0.790131418
Raw_Wav_20180223_032026.wav,185,6,0.816200363
Raw_Wav_20180223_032026.wav,194.5,6.5,0.780470409
Raw_Wav_20180223_032026.wav,203,5,0.816228779
Raw_Wav_20180223_032026.wav,209.5,1.5,0.525329069
Raw_Wav_20180223_032026.wav,214.5,9.5,0.974401302
Raw_Wav_20180223_032026.wav,224,2,0.845178309
Raw_Wav_20180223_032026.wav,231,7.5,0.880733847
Raw_Wav_20180223_032026.wav,243,13,0.926008586
Raw_Wav_20180223_032026.wav,256,28,0.893010152
Raw_Wav_20180223_032026.wav,289.5,6.5,0.891910175
Raw_Wav_20180223_032026.wav,300,7,0.761485491
Raw_Wav_20180223_032026.wav,307.5,5,0.755827818
Raw_Wav_20180223_032026.wav,316,4,0.697078262
Raw_Wav_20180223_032026.wav,320,5.5,0.853383854
Raw_Wav_20180223_032026.wav,330.5,4,0.861329494
Raw_Wav_20180223_032026.wav,339,6,0.804748616
Raw_Wav_20180223_032026.wav,349.5,2.5,0.865722782
Raw_Wav_20180223_032026.wav,352,2.5,0.872511412
Raw_Wav_20180223_032026.wav,360,4.5,0.858768953
Raw_Wav_20180223_032026.wav,373.5,2.5,0.786346207
Raw_Wav_20180223_032026.wav,377.5,5,0.880702066
Raw_Wav_20180223_032026.wav,388,5.5,0.828458517
Raw_Wav_20180223_032026.wav,405.5,10.5,0.935773124
Raw_Wav_20180223_032026.wav,416,14.5,0.904655086
Raw_Wav_20180223_032026.wav,436,6.5,0.884096404
Raw_Wav_20180223_032026.wav,453.5,6.5,0.894410375
Raw_Wav_20180223_032026.wav,465.5,6.5,0.890589153
Raw_Wav_20180223_032026.wav,475,5,0.892049504
Raw_Wav_20180223_032026.wav,480,3,0.870814079
Raw_Wav_20180223_032026.wav,485,11.5,0.924850065
Raw_Wav_20180223_032026.wav,501.5,4.5,0.811205523
Raw_Wav_20180223_032026.wav,512.5,29,0.891468837
Raw_Wav_20180223_032026.wav,544.5,3,0.736808352
Raw_Wav_20180223_032026.wav,549,10,0.850407067
Raw_Wav_20180223_032026.wav,563.5,7,0.885478124
Raw_Wav_20180223_032026.wav,575,4.5,0.841486904
Raw_Wav_20180223_032026.wav,580.5,8.5,0.89066816
Raw_Wav_20180223_033026.wav,3.5,6,0.902156823
Raw_Wav_20180223_033026.wav,11,19,0.927559254
Raw_Wav_20180223_033026.wav,31.5,0.5,0.677856546
Raw_Wav_20180223_033026.wav,32,9,0.937918619
Raw_Wav_20180223_033026.wav,45.5,15,0.893203293
Raw_Wav_20180223_033026.wav,63,1,0.693054832
Raw_Wav_20180223_033026.wav,64,5.5,0.948093661
Raw_Wav_20180223_033026.wav,72.5,6,0.886692564
Raw_Wav_20180223_033026.wav,83,7,0.907766157
Raw_Wav_20180223_033026.wav,93.5,2.5,0.818333689
Raw_Wav_20180223_033026.wav,96,2.5,0.865202047
Raw_Wav_20180223_033026.wav,103,5.5,0.872364596
Raw_Wav_20180223_033026.wav,114,3.5,0.79152998
Raw_Wav_20180223_033026.wav,121.5,6.5,0.77853872
Raw_Wav_20180223_033026.wav,128,5,0.935934471
Raw_Wav_20180223_033026.wav,134.5,9.5,0.923032093
Raw_Wav_20180223_033026.wav,146,4,0.85727596
Raw_Wav_20180223_033026.wav,152.5,6.5,0.908814631
Raw_Wav_20180223_033026.wav,163.5,5,0.805163229
Raw_Wav_20180223_033026.wav,174,18,0.974855119
Raw_Wav_20180223_033026.wav,192,7.5,0.955669939
Raw_Wav_20180223_033026.wav,203,6,0.902404557
Raw_Wav_20180223_033026.wav,212.5,2,0.707197988
Raw_Wav_20180223_033026.wav,216.5,7.5,0.796386325
Raw_Wav_20180223_033026.wav,224,7.5,0.96442255
Raw_Wav_20180223_033026.wav,233.5,11,0.951298916
Raw_Wav_20180223_033026.wav,247,7,0.899113452
Raw_Wav_20180223_033026.wav,259,6,0.888054321
Raw_Wav_20180223_033026.wav,271,2,0.64706954
Raw_Wav_20180223_033026.wav,278,6.5,0.896841499
Raw_Wav_20180223_033026.wav,291,2.5,0.793251682
Raw_Wav_20180223_033026.wav,300.5,3.5,0.766136816
Raw_Wav_20180223_033026.wav,318.5,1.5,0.792130894
Raw_Wav_20180223_033026.wav,320,6,0.796609995
Raw_Wav_20180223_033026.wav,328.5,7.5,0.823883843
Raw_Wav_20180223_033026.wav,338,5,0.811751276
Raw_Wav_20180223_033026.wav,349.5,2.5,0.851888373
Raw_Wav_20180223_033026.wav,352,0.5,0.60525332
Raw_Wav_20180223_033026.wav,354,4.5,0.876323249
Raw_Wav_20180223_033026.wav,365,5.5,0.869709456
Raw_Wav_20180223_033026.wav,377.5,2.5,0.705686239
Raw_Wav_20180223_033026.wav,383,1,0.697621865
Raw_Wav_20180223_033026.wav,384,2.5,0.831279322
Raw_Wav_20180223_033026.wav,388.5,8,0.875811664
Raw_Wav_20180223_033026.wav,398.5,1.5,0.602463495
Raw_Wav_20180223_033026.wav,403.5,6.5,0.828718764
Raw_Wav_20180223_033026.wav,414,2,0.816442819
Raw_Wav_20180223_033026.wav,416,3.5,0.816686799
Raw_Wav_20180223_033026.wav,425,6.5,0.8230354
Raw_Wav_20180223_033026.wav,433.5,8.5,0.847021082
Raw_Wav_20180223_033026.wav,443,5,0.799595514
Raw_Wav_20180223_033026.wav,448,12,0.883664123
Raw_Wav_20180223_033026.wav,465,15,0.884663377
Raw_Wav_20180223_033026.wav,480,5,0.916776595
Raw_Wav_20180223_033026.wav,488,3.5,0.747167254
Raw_Wav_20180223_033026.wav,492,10.5,0.885246424
Raw_Wav_20180223_033026.wav,507,5,0.875764488
Raw_Wav_20180223_033026.wav,512,8.5,0.934013764
Raw_Wav_20180223_033026.wav,521.5,8.5,0.924963875
Raw_Wav_20180223_033026.wav,534,6,0.89711398
Raw_Wav_20180223_033026.wav,542.5,1.5,0.797038868
Raw_Wav_20180223_033026.wav,544,2,0.845399114
Raw_Wav_20180223_033026.wav,551.5,6.5,0.883457463
Raw_Wav_20180223_033026.wav,562,7.5,0.888794628
Raw_Wav_20180223_033026.wav,580.5,8.5,0.912735842
Raw_Wav_20180223_033026.wav,591.5,5,0.932719095
Raw_Wav_20180223_034026.wav,1,4.5,0.929839093
Raw_Wav_20180223_034026.wav,7,2.5,0.776652315
Raw_Wav_20180223_034026.wav,11.5,8.5,0.92137432
Raw_Wav_20180223_034026.wav,27.5,4.5,0.931071979
Raw_Wav_20180223_034026.wav,32,4.5,0.882886845
Raw_Wav_20180223_034026.wav,39,3.5,0.800589399
Raw_Wav_20180223_034026.wav,49,1.5,0.571231613
Raw_Wav_20180223_034026.wav,57.5,6.5,0.951728884
Raw_Wav_20180223_034026.wav,64,0.5,0.613962088
Raw_Wav_20180223_034026.wav,66.5,6.5,0.871800424
Raw_Wav_20180223_034026.wav,78,3,0.777030581
Raw_Wav_20180223_034026.wav,85,7,0.909532743
Raw_Wav_20180223_034026.wav,95,1,0.668257869
Raw_Wav_20180223_034026.wav,96,13,0.92421863
Raw_Wav_20180223_034026.wav,111.5,16.5,0.91034889
Raw_Wav_20180223_034026.wav,128,1,0.626242351
Raw_Wav_20180223_034026.wav,131,12.5,0.848212771
Raw_Wav_20180223_034026.wav,146,12,0.835958978
Raw_Wav_20180223_034026.wav,159,1,0.68537585
Raw_Wav_20180223_034026.wav,160,3,0.832729549
Raw_Wav_20180223_034026.wav,164.5,27.5,0.922705441
Raw_Wav_20180223_034026.wav,192,22.5,0.865099539
Raw_Wav_20180223_034026.wav,218.5,5.5,0.922618202
Raw_Wav_20180223_034026.wav,224,1.5,0.780595355
Raw_Wav_20180223_034026.wav,231,6.5,0.916446303
Raw_Wav_20180223_034026.wav,242.5,5.5,0.859767759
Raw_Wav_20180223_034026.wav,253,3,0.85713501
Raw_Wav_20180223_034026.wav,256,3,0.80471688
Raw_Wav_20180223_034026.wav,261,13.5,0.883523008
Raw_Wav_20180223_034026.wav,275.5,12.5,0.79732783
Raw_Wav_20180223_034026.wav,288,18.5,0.881729367
Raw_Wav_20180223_034026.wav,309,3.5,0.783132385
Raw_Wav_20180223_034026.wav,313.5,3.5,0.79047311
Raw_Wav_20180223_034026.wav,318.5,1.5,0.750400129
Raw_Wav_20180223_034026.wav,320,8,0.801031174
Raw_Wav_20180223_034026.wav,330,9.5,0.896045829
Raw_Wav_20180223_034026.wav,347.5,4.5,0.710158376
Raw_Wav_20180223_034026.wav,352,3.5,0.833184749
Raw_Wav_20180223_034026.wav,358,3,0.768421007
Raw_Wav_20180223_034026.wav,362.5,4.5,0.84218267
Raw_Wav_20180223_034026.wav,368.5,12.5,0.90611956
Raw_Wav_20180223_034026.wav,386,3,0.788373792
Raw_Wav_20180223_034026.wav,396.5,3,0.721574551
Raw_Wav_20180223_034026.wav,414.5,1.5,0.7305003
Raw_Wav_20180223_034026.wav,416,1.5,0.856581943
Raw_Wav_20180223_034026.wav,421.5,6,0.7738997
Raw_Wav_20180223_034026.wav,432,7.5,0.87356018
Raw_Wav_20180223_034026.wav,441,3,0.792020123
Raw_Wav_20180223_034026.wav,450,2.5,0.761669891
Raw_Wav_20180223_034026.wav,463.5,1.5,0.584993873
Raw_Wav_20180223_034026.wav,480,20.5,0.937325059
Raw_Wav_20180223_034026.wav,507,5,0.909809297
Raw_Wav_20180223_034026.wav,512,6,0.790446345
Raw_Wav_20180223_034026.wav,522,7.5,0.888962874
Raw_Wav_20180223_034026.wav,533.5,6,0.902860709
Raw_Wav_20180223_034026.wav,545,3,0.817364114
Raw_Wav_20180223_034026.wav,552,8,0.886099418
Raw_Wav_20180223_034026.wav,564.5,5.5,0.735441032
Raw_Wav_20180223_034026.wav,572.5,4,0.838476925
Raw_Wav_20180223_034026.wav,582.5,4,0.835062777
Raw_Wav_20180223_034026.wav,587.5,3,0.752836652
Raw_Wav_20180223_034026.wav,592.5,4,0.871713527
Raw_Wav_20180223_035026.wav,1,1,0.706589348
Raw_Wav_20180223_035026.wav,8,1.5,0.618128935
Raw_Wav_20180223_035026.wav,12.5,8,0.805222011
Raw_Wav_20180223_035026.wav,22.5,2.5,0.708797849
Raw_Wav_20180223_035026.wav,31,1,0.660364362
Raw_Wav_20180223_035026.wav,32,5.5,0.913259656
Raw_Wav_20180223_035026.wav,40,24,0.893247975
Raw_Wav_20180223_035026.wav,64,3.5,0.925907346
Raw_Wav_20180223_035026.wav,69,6,0.880779738
Raw_Wav_20180223_035026.wav,76.5,2,0.633248988
Raw_Wav_20180223_035026.wav,80,16,0.887344477
Raw_Wav_20180223_035026.wav,96,10,0.918251275
Raw_Wav_20180223_035026.wav,108.5,4.5,0.870147143
Raw_Wav_20180223_035026.wav,115,8,0.882766575
Raw_Wav_20180223_035026.wav,130,3,0.800554375
Raw_Wav_20180223_035026.wav,136,5.5,0.90296533
Raw_Wav_20180223_035026.wav,143.5,16.5,0.921062879
Raw_Wav_20180223_035026.wav,160,1,0.646643942
Raw_Wav_20180223_035026.wav,168,3.5,0.838534954
Raw_Wav_20180223_035026.wav,178,12,0.928433989
Raw_Wav_20180223_035026.wav,191,1,0.563577622
Raw_Wav_20180223_035026.wav,192,7.5,0.897361801
Raw_Wav_20180223_035026.wav,206,7,0.814260718
Raw_Wav_20180223_035026.wav,217,4,0.85050993
Raw_Wav_20180223_035026.wav,222.5,1.5,0.617789286
Raw_Wav_20180223_035026.wav,224,1,0.625997687
Raw_Wav_20180223_035026.wav,228,10,0.929143913
Raw_Wav_20180223_035026.wav,240,8.5,0.90349872
Raw_Wav_20180223_035026.wav,251,5,0.752330966
Raw_Wav_20180223_035026.wav,256,7,0.845088387
Raw_Wav_20180223_035026.wav,265,9,0.833910118
Raw_Wav_20180223_035026.wav,274.5,6,0.869909947
Raw_Wav_20180223_035026.wav,283,5,0.898009604
Raw_Wav_20180223_035026.wav,288,2,0.844945177
Raw_Wav_20180223_035026.wav,291.5,7,0.888391056
Raw_Wav_20180223_035026.wav,304,7.5,0.76417821
Raw_Wav_20180223_035026.wav,314.5,4.5,0.852558356
Raw_Wav_20180223_035026.wav,325.5,9.5,0.911087538
Raw_Wav_20180223_035026.wav,341,5.5,0.883119566
Raw_Wav_20180223_035026.wav,349.5,1.5,0.615929061
Raw_Wav_20180223_035026.wav,352.5,4.5,0.89507318
Raw_Wav_20180223_035026.wav,363.5,4,0.860499832
Raw_Wav_20180223_035026.wav,370.5,7,0.876802267
Raw_Wav_20180223_035026.wav,380,3.5,0.82574137
Raw_Wav_20180223_035026.wav,388,7.5,0.890436951
Raw_Wav_20180223_035026.wav,402,5.5,0.883907276
Raw_Wav_20180223_035026.wav,410.5,5,0.880020539
Raw_Wav_20180223_035026.wav,418.5,6,0.898234484
Raw_Wav_20180223_035026.wav,428.5,7,0.84394566
Raw_Wav_20180223_035026.wav,439,3.5,0.791799774
Raw_Wav_20180223_035026.wav,447.5,0.5,0.583506631
Raw_Wav_20180223_035026.wav,448,7,0.936070036
Raw_Wav_20180223_035026.wav,457.5,5,0.872391683
Raw_Wav_20180223_035026.wav,467,3,0.772616896
Raw_Wav_20180223_035026.wav,477.5,2.5,0.874750486
Raw_Wav_20180223_035026.wav,480,1.5,0.746569852
Raw_Wav_20180223_035026.wav,485,6,0.798546126
Raw_Wav_20180223_035026.wav,493.5,9.5,0.893762293
Raw_Wav_20180223_035026.wav,505.5,6.5,0.881307052
Raw_Wav_20180223_035026.wav,512,2,0.716600017
Raw_Wav_20180223_035026.wav,516,3.5,0.841264116
Raw_Wav_20180223_035026.wav,526.5,4.5,0.869471286
Raw_Wav_20180223_035026.wav,533,3,0.80310421
Raw_Wav_20180223_035026.wav,537.5,6.5,0.871017178
Raw_Wav_20180223_035026.wav,544,1.5,0.815040351
Raw_Wav_20180223_035026.wav,548.5,8,0.811504901
Raw_Wav_20180223_035026.wav,563.5,2.5,0.755897263
Raw_Wav_20180223_035026.wav,580,8,0.856120691
Raw_Wav_20180223_035026.wav,591,1.5,0.506177142
